{"skeleton":{"hash":"jLun4/uNc74","spine":"4.0.64","x":-256,"y":-4.19,"width":613.06,"height":518.34,"images":"","audio":""},"bones":[{"name":"root"},{"name":"bone3","parent":"root","length":215.03,"rotation":99.79,"x":16.04,"y":19.47},{"name":"bone","parent":"bone3","length":52.47,"rotation":-177.02,"x":41.25,"y":49.7},{"name":"bone2","parent":"bone3","length":45.23,"rotation":169.07,"x":23.37,"y":-39.9},{"name":"bone4","parent":"bone3","length":25.43,"rotation":8.39,"x":215.03},{"name":"bone8","parent":"bone3","rotation":-99.79,"x":112.41,"y":-30.83},{"name":"bone5","parent":"bone3","length":133.49,"rotation":-0.03,"x":199.22,"y":-9.9},{"name":"bone6","parent":"bone5","rotation":-99.76,"x":104.89,"y":-115.9},{"name":"bone7","parent":"bone5","rotation":-99.76,"x":104.89,"y":-115.9},{"name":"bone9","parent":"bone5","rotation":-99.76,"x":104.89,"y":-115.9},{"name":"bone10","parent":"bone5","rotation":-99.76,"x":104.89,"y":-115.9},{"name":"bone11","parent":"bone5","rotation":-99.76,"x":104.89,"y":-115.9}],"slots":[{"name":"pepper_leftfoot","bone":"bone2","attachment":"pepper_leftfoot"},{"name":"pepper_back","bone":"bone4","attachment":"pepper_back"},{"name":"pepper_hair","bone":"bone5","attachment":"pepper_hair"},{"name":"pepper_body","bone":"bone4","attachment":"pepper_body"},{"name":"pepper_rightfoot","bone":"bone","attachment":"pepper_rightfoot"},{"name":"pepper_face","bone":"bone8","attachment":"pepper_face"},{"name":"fire1","bone":"bone6","attachment":"fire1"},{"name":"fire2","bone":"bone7","attachment":"fire2"},{"name":"fire3","bone":"bone9","attachment":"fire3"},{"name":"fire4","bone":"bone10","attachment":"fire4"},{"name":"fire5","bone":"bone11","attachment":"fire5"}],"skins":[{"name":"default","attachments":{"fire1":{"fire1":{"x":12.73,"y":-82.34,"width":512,"height":512}},"fire2":{"fire2":{"x":12.73,"y":-82.34,"width":512,"height":512}},"fire3":{"fire3":{"x":12.73,"y":-82.34,"width":512,"height":512}},"fire4":{"fire4":{"x":12.73,"y":-82.34,"width":512,"height":512}},"fire5":{"fire5":{"x":12.73,"y":-82.34,"width":512,"height":512}},"pepper_back":{"pepper_back":{"x":13.01,"y":-25.9,"rotation":-108.19,"width":512,"height":512}},"pepper_body":{"pepper_body":{"x":13.01,"y":-25.9,"rotation":-108.19,"width":512,"height":512}},"pepper_face":{"pepper_face":{"x":-27.29,"y":116.32,"width":512,"height":512}},"pepper_hair":{"pepper_hair":{"x":32.47,"y":-13.81,"rotation":-99.76,"width":512,"height":512}},"pepper_leftfoot":{"pepper_leftfoot":{"x":-201.47,"y":-55.37,"rotation":91.13,"width":512,"height":512}},"pepper_rightfoot":{"pepper_rightfoot":{"x":-186.35,"y":83.22,"rotation":77.22,"width":512,"height":512}}}}],"animations":{"death":{"bones":{"bone3":{"rotate":[{},{"time":0.2333,"value":32.14},{"time":0.4333,"value":62.41}],"translate":[{},{"time":0.2333,"x":-29.78,"y":4.38},{"time":0.4333,"x":-61.92,"y":37.75}]},"bone":{"rotate":[{},{"time":0.2,"value":34.09},{"time":0.5667,"value":-5.84}]},"bone2":{"rotate":[{},{"time":0.2,"value":44.93},{"time":0.5667,"value":-12.03}],"translate":[{},{"time":0.2,"x":0.32,"y":18.27,"curve":"stepped"},{"time":0.8333,"x":0.32,"y":18.27}]}}},"disappear":{"slots":{"pepper_back":{"alpha":[{"value":1},{"time":0.5,"value":0}]},"pepper_body":{"alpha":[{"value":1},{"time":0.5,"value":0}]},"pepper_face":{"alpha":[{"value":1},{"time":0.5,"value":0}]},"pepper_hair":{"alpha":[{"value":1},{"time":0.5,"value":0}]},"pepper_leftfoot":{"alpha":[{"value":1},{"time":0.5,"value":0}]},"pepper_rightfoot":{"alpha":[{"value":1},{"time":0.5,"value":0}]}},"bones":{"bone":{"rotate":[{"value":-5.84}]},"bone2":{"rotate":[{"value":-12.03}],"translate":[{"x":0.32,"y":18.27}]},"bone3":{"rotate":[{"value":62.41}],"translate":[{"x":-61.92,"y":37.75}]},"root":{"translate":[{"time":1}]}}},"idle":{"slots":{"fire1":{"alpha":[{"value":1,"curve":"stepped"},{"time":0.0667,"value":0,"curve":"stepped"},{"time":0.3333,"value":1,"curve":"stepped"},{"time":0.4,"value":0}]},"fire2":{"alpha":[{"value":0,"curve":"stepped"},{"time":0.0667,"value":1,"curve":"stepped"},{"time":0.1333,"value":0,"curve":"stepped"},{"time":0.3333,"value":0,"curve":"stepped"},{"time":0.4,"value":1,"curve":"stepped"},{"time":0.4667,"value":0}]},"fire3":{"alpha":[{"value":0,"curve":"stepped"},{"time":0.0333,"value":0,"curve":"stepped"},{"time":0.1333,"value":1,"curve":"stepped"},{"time":0.2,"value":0,"curve":"stepped"},{"time":0.3667,"value":0,"curve":"stepped"},{"time":0.4667,"value":1,"curve":"stepped"},{"time":0.5333,"value":0}]},"fire4":{"alpha":[{"value":0,"curve":"stepped"},{"time":0.0667,"value":0,"curve":"stepped"},{"time":0.2,"value":1,"curve":"stepped"},{"time":0.2667,"value":0,"curve":"stepped"},{"time":0.4,"value":0,"curve":"stepped"},{"time":0.5333,"value":1,"curve":"stepped"},{"time":0.6,"value":0}]},"fire5":{"alpha":[{"value":0,"curve":"stepped"},{"time":0.1,"value":0,"curve":"stepped"},{"time":0.2667,"value":1,"curve":"stepped"},{"time":0.3333,"value":0,"curve":"stepped"},{"time":0.4333,"value":0,"curve":"stepped"},{"time":0.6,"value":1,"curve":"stepped"},{"time":0.6667,"value":0}]}},"bones":{"bone3":{"rotate":[{},{"time":0.3333,"value":-10.1},{"time":0.6667}],"translate":[{},{"time":0.3333,"x":0.23,"y":-1.32},{"time":0.6667}]},"bone2":{"rotate":[{},{"time":0.3333,"value":2.51},{"time":0.6667}],"translate":[{},{"time":0.3333,"x":-0.1,"y":-0.71},{"time":0.6667}]},"bone5":{"rotate":[{},{"time":0.2,"value":11.36},{"time":0.4667,"value":-5.33},{"time":0.6667}]}}},"walk":{"slots":{"fire1":{"alpha":[{"value":1,"curve":"stepped"},{"time":0.0667,"value":0,"curve":"stepped"},{"time":0.3333,"value":1,"curve":"stepped"},{"time":0.4,"value":0}]},"fire2":{"alpha":[{"value":0,"curve":"stepped"},{"time":0.0667,"value":1,"curve":"stepped"},{"time":0.1333,"value":0,"curve":"stepped"},{"time":0.3333,"value":0,"curve":"stepped"},{"time":0.4,"value":1,"curve":"stepped"},{"time":0.4667,"value":0}]},"fire3":{"alpha":[{"value":0,"curve":"stepped"},{"time":0.0333,"value":0,"curve":"stepped"},{"time":0.1333,"value":1,"curve":"stepped"},{"time":0.2,"value":0,"curve":"stepped"},{"time":0.3667,"value":0,"curve":"stepped"},{"time":0.4667,"value":1,"curve":"stepped"},{"time":0.5333,"value":0}]},"fire4":{"alpha":[{"value":0,"curve":"stepped"},{"time":0.0667,"value":0,"curve":"stepped"},{"time":0.2,"value":1,"curve":"stepped"},{"time":0.2667,"value":0,"curve":"stepped"},{"time":0.4,"value":0,"curve":"stepped"},{"time":0.5333,"value":1,"curve":"stepped"},{"time":0.6,"value":0}]},"fire5":{"alpha":[{"value":0,"curve":"stepped"},{"time":0.1,"value":0,"curve":"stepped"},{"time":0.2667,"value":1,"curve":"stepped"},{"time":0.3333,"value":0,"curve":"stepped"},{"time":0.4333,"value":0,"curve":"stepped"},{"time":0.6,"value":1,"curve":"stepped"},{"time":0.6667,"value":0}]}},"bones":{"bone3":{"rotate":[{},{"time":0.3333,"value":-6.43},{"time":0.6667}]},"bone":{"rotate":[{"value":52.06},{"time":0.3333,"value":-35.27},{"time":0.6667,"value":52.06}]},"bone2":{"rotate":[{"value":-23.66},{"time":0.3333,"value":78.84},{"time":0.6667,"value":-23.66}]},"bone5":{"rotate":[{},{"time":0.2,"value":11.36},{"time":0.4667,"value":-5.33},{"time":0.6667}]}}}}}